,datetime,machineID,errorID
0,2015-01-03 07:00:00,1,error1
1,2015-01-03 20:00:00,1,error3
2,2015-01-04 06:00:00,1,error5
3,2015-01-10 15:00:00,1,error4
4,2015-01-22 10:00:00,1,error4
5,2015-01-25 15:00:00,1,error4
6,2015-01-27 04:00:00,1,error1
7,2015-03-03 22:00:00,1,error2
8,2015-03-05 06:00:00,1,error1
9,2015-03-20 18:00:00,1,error1
10,2015-03-26 01:00:00,1,error2
11,2015-03-31 23:00:00,1,error1
12,2015-04-19 06:00:00,1,error2
13,2015-04-19 06:00:00,1,error3
14,2015-04-29 19:00:00,1,error4
15,2015-05-04 23:00:00,1,error2
16,2015-05-12 09:00:00,1,error1
17,2015-05-21 07:00:00,1,error4
18,2015-05-24 02:00:00,1,error3
19,2015-05-25 05:00:00,1,error1
20,2015-06-09 06:00:00,1,error3
21,2015-06-18 06:00:00,1,error5
22,2015-06-23 10:00:00,1,error3
23,2015-08-23 19:00:00,1,error1
24,2015-08-30 01:00:00,1,error3
25,2015-09-01 06:00:00,1,error5
26,2015-09-13 17:00:00,1,error2
27,2015-09-15 06:00:00,1,error1
28,2015-10-01 23:00:00,1,error1
29,2015-10-15 05:00:00,1,error1
30,2015-10-16 03:00:00,1,error3
31,2015-10-16 06:00:00,1,error2
32,2015-10-16 06:00:00,1,error3
33,2015-11-10 04:00:00,1,error3
34,2015-12-15 06:00:00,1,error5
63,2015-01-06 06:00:00,3,error2
64,2015-01-06 06:00:00,3,error3
65,2015-01-08 02:00:00,3,error1
66,2015-01-11 05:00:00,3,error1
67,2015-01-11 19:00:00,3,error3
68,2015-01-28 17:00:00,3,error4
69,2015-02-05 06:00:00,3,error1
70,2015-02-23 06:00:00,3,error4
71,2015-03-02 11:00:00,3,error4
72,2015-03-21 16:00:00,3,error3
73,2015-04-06 16:00:00,3,error2
74,2015-04-09 09:00:00,3,error3
75,2015-04-26 19:00:00,3,error2
76,2015-05-06 19:00:00,3,error4
77,2015-05-24 15:00:00,3,error2
78,2015-06-10 21:00:00,3,error4
79,2015-06-27 07:00:00,3,error1
80,2015-07-09 21:00:00,3,error4
81,2015-07-18 19:00:00,3,error1
82,2015-07-20 06:00:00,3,error2
83,2015-07-20 06:00:00,3,error3
84,2015-07-25 23:00:00,3,error4
85,2015-07-29 17:00:00,3,error1
86,2015-08-02 15:00:00,3,error1
87,2015-08-07 04:00:00,3,error2
88,2015-09-08 04:00:00,3,error1
89,2015-09-13 11:00:00,3,error1
90,2015-09-18 10:00:00,3,error2
91,2015-10-01 02:00:00,3,error5
92,2015-10-03 06:00:00,3,error2
93,2015-10-03 06:00:00,3,error3
94,2015-10-23 14:00:00,3,error3
95,2015-10-31 23:00:00,3,error2
96,2015-11-07 15:00:00,3,error4
97,2015-11-20 23:00:00,3,error1
98,2015-12-02 06:00:00,3,error2
99,2015-12-02 06:00:00,3,error3
100,2015-12-19 22:00:00,3,error5
101,2015-12-25 12:00:00,3,error1
102,2015-01-04 03:00:00,4,error3
103,2015-01-06 01:00:00,4,error1
104,2015-01-11 14:00:00,4,error3
105,2015-01-13 18:00:00,4,error2
106,2015-01-14 21:00:00,4,error1
107,2015-01-16 06:00:00,4,error2
108,2015-01-16 06:00:00,4,error3
109,2015-02-12 15:00:00,4,error2
110,2015-02-15 06:00:00,4,error1
111,2015-02-27 09:00:00,4,error1
112,2015-03-19 05:00:00,4,error2
113,2015-03-22 22:00:00,4,error1
114,2015-04-01 06:00:00,4,error2
115,2015-04-01 06:00:00,4,error3
116,2015-04-06 14:00:00,4,error1
117,2015-05-03 17:00:00,4,error2
118,2015-06-23 08:00:00,4,error2
119,2015-07-15 06:00:00,4,error2
120,2015-07-15 06:00:00,4,error3
121,2015-07-24 05:00:00,4,error2
122,2015-07-27 17:00:00,4,error4
123,2015-08-10 06:00:00,4,error4
124,2015-08-29 06:00:00,4,error1
125,2015-09-05 06:00:00,4,error2
126,2015-10-10 07:00:00,4,error1
127,2015-10-13 06:00:00,4,error2
128,2015-10-13 06:00:00,4,error3
129,2015-10-17 20:00:00,4,error1
130,2015-10-28 16:00:00,4,error3
131,2015-11-12 16:00:00,4,error3
132,2015-12-04 06:00:00,4,error1
133,2015-01-08 06:00:00,5,error2
134,2015-01-08 06:00:00,5,error3
135,2015-01-31 19:00:00,5,error1
136,2015-02-22 06:00:00,5,error1
137,2015-02-24 14:00:00,5,error3
138,2015-03-09 10:00:00,5,error2
139,2015-03-18 22:00:00,5,error1
140,2015-03-21 15:00:00,5,error4
141,2015-03-21 16:00:00,5,error2
142,2015-04-06 02:00:00,5,error5
143,2015-04-08 06:00:00,5,error1
144,2015-05-08 15:00:00,5,error1
145,2015-05-17 00:00:00,5,error1
146,2015-06-01 22:00:00,5,error1
147,2015-06-05 01:00:00,5,error4
148,2015-06-12 18:00:00,5,error3
149,2015-06-22 06:00:00,5,error2
150,2015-06-22 06:00:00,5,error3
151,2015-06-23 12:00:00,5,error3
152,2015-07-12 22:00:00,5,error1
153,2015-07-16 04:00:00,5,error3
154,2015-07-26 08:00:00,5,error1
155,2015-07-29 09:00:00,5,error4
156,2015-08-11 02:00:00,5,error4
157,2015-08-19 12:00:00,5,error2
158,2015-08-30 03:00:00,5,error2
159,2015-09-05 06:00:00,5,error1
160,2015-09-06 06:00:00,5,error5
161,2015-09-27 20:00:00,5,error1
162,2015-10-05 06:00:00,5,error2
163,2015-10-05 06:00:00,5,error3
164,2015-11-19 06:00:00,5,error1
165,2015-12-04 02:00:00,5,error1
166,2015-12-04 18:00:00,5,error5
167,2015-12-15 16:00:00,5,error1
168,2015-12-20 05:00:00,5,error4
169,2015-12-21 09:00:00,5,error4
170,2015-12-30 09:00:00,5,error2
171,2015-01-14 12:00:00,6,error2
172,2015-01-26 12:00:00,6,error1
173,2015-02-03 22:00:00,6,error2
174,2015-03-29 20:00:00,6,error4
175,2015-04-05 21:00:00,6,error1
176,2015-04-23 16:00:00,6,error3
177,2015-04-25 16:00:00,6,error1
178,2015-05-01 22:00:00,6,error2
179,2015-05-24 08:00:00,6,error5
180,2015-06-01 01:00:00,6,error2
181,2015-06-03 07:00:00,6,error2
182,2015-08-11 04:00:00,6,error2
183,2015-08-20 06:00:00,6,error4
184,2015-09-14 10:00:00,6,error2
185,2015-09-18 20:00:00,6,error1
186,2015-09-26 08:00:00,6,error2
187,2015-10-05 21:00:00,6,error1
188,2015-10-15 16:00:00,6,error3
189,2015-10-21 22:00:00,6,error1
190,2015-10-23 19:00:00,6,error2
191,2015-11-13 03:00:00,6,error1
192,2015-12-07 06:00:00,6,error4
193,2015-12-10 22:00:00,6,error3
194,2015-01-17 20:00:00,7,error1
195,2015-01-21 07:00:00,7,error3
196,2015-01-23 06:00:00,7,error2
197,2015-01-23 06:00:00,7,error3
198,2015-01-23 06:00:00,7,error5
199,2015-02-07 06:00:00,7,error1
200,2015-03-09 18:00:00,7,error4
201,2015-03-10 22:00:00,7,error2
202,2015-03-21 05:00:00,7,error3
203,2015-03-27 22:00:00,7,error2
204,2015-04-12 08:00:00,7,error1
205,2015-04-23 06:00:00,7,error1
206,2015-04-23 09:00:00,7,error4
207,2015-05-08 06:00:00,7,error5
208,2015-05-13 11:00:00,7,error2
209,2015-05-23 06:00:00,7,error2
210,2015-05-23 06:00:00,7,error3
211,2015-06-24 08:00:00,7,error3
212,2015-06-29 00:00:00,7,error1
213,2015-07-07 06:00:00,7,error2
214,2015-07-07 06:00:00,7,error3
215,2015-07-13 05:00:00,7,error2
216,2015-08-07 18:00:00,7,error2
217,2015-08-09 06:00:00,7,error3
218,2015-08-11 12:00:00,7,error1
219,2015-08-30 22:00:00,7,error4
220,2015-09-08 19:00:00,7,error2
221,2015-09-17 18:00:00,7,error1
222,2015-09-20 06:00:00,7,error5
223,2015-09-22 19:00:00,7,error2
224,2015-10-13 08:00:00,7,error4
225,2015-10-20 06:00:00,7,error2
226,2015-10-20 06:00:00,7,error3
227,2015-10-31 10:00:00,7,error2
228,2015-11-18 14:00:00,7,error3
229,2015-11-24 22:00:00,7,error3
230,2015-12-09 11:00:00,7,error2
231,2015-12-16 13:00:00,7,error3
232,2015-12-19 06:00:00,7,error1
233,2015-01-05 05:00:00,8,error2
234,2015-01-07 07:00:00,8,error1
235,2015-01-15 02:00:00,8,error1
236,2015-02-03 06:00:00,8,error1
237,2015-02-03 23:00:00,8,error4
238,2015-02-16 17:00:00,8,error3
239,2015-02-20 23:00:00,8,error3
240,2015-03-06 06:00:00,8,error2
241,2015-03-06 06:00:00,8,error3
242,2015-03-21 06:00:00,8,error5
243,2015-03-26 16:00:00,8,error2
244,2015-04-06 07:00:00,8,error2
245,2015-04-20 06:00:00,8,error2
246,2015-04-20 06:00:00,8,error3
247,2015-04-30 22:00:00,8,error2
248,2015-05-08 08:00:00,8,error1
249,2015-05-28 01:00:00,8,error2
250,2015-06-09 12:00:00,8,error3
251,2015-06-28 20:00:00,8,error4
252,2015-07-02 10:00:00,8,error2
253,2015-07-04 17:00:00,8,error2
254,2015-08-03 06:00:00,8,error5
255,2015-08-14 11:00:00,8,error3
256,2015-08-24 09:00:00,8,error2
257,2015-09-18 11:00:00,8,error3
258,2015-10-07 19:00:00,8,error4
259,2015-10-10 06:00:00,8,error4
260,2015-10-15 02:00:00,8,error3
261,2015-10-17 06:00:00,8,error5
262,2015-10-30 17:00:00,8,error5
263,2015-11-03 08:00:00,8,error5
264,2015-11-15 22:00:00,8,error2
265,2015-11-18 22:00:00,8,error3
266,2015-11-19 10:00:00,8,error2
267,2015-12-15 03:00:00,8,error2
268,2015-12-16 19:00:00,8,error4
269,2015-12-19 11:00:00,8,error4
270,2015-12-23 07:00:00,8,error4
271,2015-12-23 17:00:00,8,error2
272,2015-12-24 07:00:00,8,error4
273,2015-12-30 21:00:00,8,error4
274,2016-01-01 05:00:00,8,error3
315,2015-01-01 20:00:00,10,error1
316,2015-01-06 04:00:00,10,error3
317,2015-01-18 06:00:00,10,error2
318,2015-01-18 06:00:00,10,error3
319,2015-01-22 05:00:00,10,error1
320,2015-01-29 03:00:00,10,error4
321,2015-02-10 00:00:00,10,error1
322,2015-02-11 03:00:00,10,error1
323,2015-02-12 23:00:00,10,error5
324,2015-02-13 10:00:00,10,error3
325,2015-03-04 00:00:00,10,error2
326,2015-03-05 15:00:00,10,error3
327,2015-03-18 11:00:00,10,error1
328,2015-03-21 14:00:00,10,error4
329,2015-03-26 08:00:00,10,error1
330,2015-04-03 06:00:00,10,error2
331,2015-04-03 06:00:00,10,error3
332,2015-04-06 05:00:00,10,error2
333,2015-04-14 00:00:00,10,error3
334,2015-04-14 09:00:00,10,error1
335,2015-05-18 06:00:00,10,error2
336,2015-05-18 06:00:00,10,error3
337,2015-05-31 03:00:00,10,error1
338,2015-06-02 06:00:00,10,error1
339,2015-06-12 12:00:00,10,error4
340,2015-06-16 06:00:00,10,error1
341,2015-06-17 06:00:00,10,error2
342,2015-06-17 06:00:00,10,error3
343,2015-07-01 14:00:00,10,error3
344,2015-07-25 16:00:00,10,error3
345,2015-07-29 04:00:00,10,error5
346,2015-08-06 07:00:00,10,error2
347,2015-08-10 04:00:00,10,error3
348,2015-08-17 08:00:00,10,error4
349,2015-09-10 11:00:00,10,error1
350,2015-09-14 17:00:00,10,error1
351,2015-09-18 05:00:00,10,error1
352,2015-10-05 00:00:00,10,error1
353,2015-10-27 13:00:00,10,error3
354,2015-10-31 18:00:00,10,error1
355,2015-11-09 17:00:00,10,error1
356,2015-11-21 06:00:00,10,error3
357,2015-12-08 21:00:00,10,error2
358,2015-12-17 09:00:00,10,error1
359,2015-12-23 13:00:00,10,error2
399,2015-01-06 06:00:00,12,error1
400,2015-01-06 06:00:00,12,error2
401,2015-01-06 06:00:00,12,error3
402,2015-01-16 20:00:00,12,error3
403,2015-02-06 13:00:00,12,error2
404,2015-03-14 15:00:00,12,error2
405,2015-03-22 06:00:00,12,error2
406,2015-03-22 06:00:00,12,error3
407,2015-04-03 05:00:00,12,error3
408,2015-04-05 00:00:00,12,error4
409,2015-04-10 17:00:00,12,error2
410,2015-04-25 19:00:00,12,error3
411,2015-04-26 05:00:00,12,error4
412,2015-05-04 03:00:00,12,error2
413,2015-05-14 10:00:00,12,error1
414,2015-05-29 12:00:00,12,error2
415,2015-06-13 10:00:00,12,error3
416,2015-06-28 19:00:00,12,error3
417,2015-07-05 06:00:00,12,error1
418,2015-07-15 02:00:00,12,error5
419,2015-07-17 09:00:00,12,error2
420,2015-07-22 18:00:00,12,error5
421,2015-08-05 05:00:00,12,error2
422,2015-08-16 17:00:00,12,error2
423,2015-08-28 20:00:00,12,error2
424,2015-09-03 06:00:00,12,error1
425,2015-09-04 20:00:00,12,error2
426,2015-09-20 05:00:00,12,error4
427,2015-09-30 12:00:00,12,error1
428,2015-10-01 15:00:00,12,error2
429,2015-10-03 00:00:00,12,error4
430,2015-10-03 06:00:00,12,error2
431,2015-10-03 06:00:00,12,error3
432,2015-10-03 22:00:00,12,error2
433,2015-10-08 23:00:00,12,error1
434,2015-10-09 22:00:00,12,error1
435,2015-11-04 22:00:00,12,error1
436,2015-11-05 05:00:00,12,error1
437,2015-11-27 00:00:00,12,error3
438,2015-11-28 23:00:00,12,error2
439,2015-12-12 16:00:00,12,error4
482,2015-01-01 08:00:00,14,error4
483,2015-01-03 16:00:00,14,error1
484,2015-01-24 17:00:00,14,error4
485,2015-01-27 11:00:00,14,error4
486,2015-01-30 06:00:00,14,error2
487,2015-01-30 06:00:00,14,error3
488,2015-02-09 20:00:00,14,error2
489,2015-02-18 21:00:00,14,error5
490,2015-02-19 17:00:00,14,error5
491,2015-03-01 06:00:00,14,error1
492,2015-03-07 09:00:00,14,error1
493,2015-03-07 17:00:00,14,error2
494,2015-03-16 18:00:00,14,error2
495,2015-03-17 07:00:00,14,error2
496,2015-04-17 04:00:00,14,error2
497,2015-04-20 01:00:00,14,error5
498,2015-05-11 05:00:00,14,error3
499,2015-05-12 04:00:00,14,error3
500,2015-05-31 05:00:00,14,error5
501,2015-06-02 20:00:00,14,error4
502,2015-06-19 08:00:00,14,error2
503,2015-06-25 02:00:00,14,error1
504,2015-06-26 17:00:00,14,error2
505,2015-07-14 06:00:00,14,error1
506,2015-07-14 08:00:00,14,error3
507,2015-07-29 06:00:00,14,error2
508,2015-07-29 06:00:00,14,error3
509,2015-08-14 12:00:00,14,error4
510,2015-08-22 13:00:00,14,error4
511,2015-08-28 10:00:00,14,error3
512,2015-09-20 18:00:00,14,error2
513,2015-10-02 18:00:00,14,error3
514,2015-10-13 11:00:00,14,error1
515,2015-10-21 10:00:00,14,error3
516,2015-11-30 14:00:00,14,error1
517,2015-12-17 00:00:00,14,error5
518,2015-12-22 01:00:00,14,error2
519,2015-12-23 12:00:00,14,error1
520,2015-01-13 23:00:00,15,error4
521,2015-01-14 06:00:00,15,error3
522,2015-01-19 06:00:00,15,error2
523,2015-01-19 06:00:00,15,error3
524,2015-01-19 06:00:00,15,error5
525,2015-01-22 23:00:00,15,error1
526,2015-02-11 02:00:00,15,error2
527,2015-02-14 00:00:00,15,error1
528,2015-03-21 23:00:00,15,error1
529,2015-03-24 20:00:00,15,error1
530,2015-03-28 23:00:00,15,error2
531,2015-04-06 10:00:00,15,error5
532,2015-04-12 13:00:00,15,error4
533,2015-04-23 02:00:00,15,error2
534,2015-05-10 01:00:00,15,error1
535,2015-05-30 04:00:00,15,error4
536,2015-06-01 21:00:00,15,error1
537,2015-06-02 00:00:00,15,error2
538,2015-06-03 06:00:00,15,error1
539,2015-06-11 06:00:00,15,error4
540,2015-06-17 11:00:00,15,error2
541,2015-06-18 06:00:00,15,error2
542,2015-06-22 10:00:00,15,error1
543,2015-06-24 10:00:00,15,error1
544,2015-07-03 17:00:00,15,error4
545,2015-07-05 15:00:00,15,error2
546,2015-07-05 21:00:00,15,error2
547,2015-07-07 14:00:00,15,error1
548,2015-07-22 00:00:00,15,error2
549,2015-08-02 06:00:00,15,error1
550,2015-08-09 15:00:00,15,error4
551,2015-09-01 06:00:00,15,error2
552,2015-09-23 15:00:00,15,error3
553,2015-10-02 13:00:00,15,error3
554,2015-10-05 20:00:00,15,error3
555,2015-10-07 01:00:00,15,error1
556,2015-10-07 20:00:00,15,error4
557,2015-10-15 13:00:00,15,error4
558,2015-10-26 01:00:00,15,error2
559,2015-10-31 06:00:00,15,error2
560,2015-10-31 06:00:00,15,error3
561,2015-10-31 06:00:00,15,error5
562,2015-11-06 14:00:00,15,error1
563,2015-11-11 06:00:00,15,error3
564,2015-11-13 19:00:00,15,error2
565,2015-11-14 19:00:00,15,error4
566,2015-11-19 13:00:00,15,error1
567,2015-11-20 23:00:00,15,error4
568,2015-11-22 08:00:00,15,error3
569,2015-12-21 22:00:00,15,error3
570,2015-12-30 06:00:00,15,error5
661,2015-01-06 19:00:00,18,error1
662,2015-01-07 20:00:00,18,error5
663,2015-01-10 02:00:00,18,error5
664,2015-01-24 06:00:00,18,error1
665,2015-01-29 06:00:00,18,error5
666,2015-02-13 09:00:00,18,error4
667,2015-02-16 14:00:00,18,error1
668,2015-03-07 10:00:00,18,error2
669,2015-03-10 18:00:00,18,error4
670,2015-03-25 05:00:00,18,error4
671,2015-03-25 06:00:00,18,error1
672,2015-03-25 08:00:00,18,error2
673,2015-03-30 06:00:00,18,error1
674,2015-04-02 07:00:00,18,error3
675,2015-04-12 16:00:00,18,error4
676,2015-05-12 23:00:00,18,error5
677,2015-05-14 06:00:00,18,error5
678,2015-05-15 13:00:00,18,error2
679,2015-05-15 18:00:00,18,error3
680,2015-05-19 15:00:00,18,error2
681,2015-05-24 14:00:00,18,error4
682,2015-06-06 06:00:00,18,error1
683,2015-06-18 17:00:00,18,error2
684,2015-06-19 19:00:00,18,error1
685,2015-06-28 06:00:00,18,error2
686,2015-06-28 06:00:00,18,error3
687,2015-06-29 18:00:00,18,error1
688,2015-07-05 05:00:00,18,error2
689,2015-07-06 08:00:00,18,error3
690,2015-07-28 06:00:00,18,error2
691,2015-07-28 06:00:00,18,error3
692,2015-07-29 08:00:00,18,error2
693,2015-07-30 02:00:00,18,error1
694,2015-08-01 08:00:00,18,error3
695,2015-08-27 06:00:00,18,error5
696,2015-09-08 12:00:00,18,error4
697,2015-09-11 06:00:00,18,error2
698,2015-09-11 06:00:00,18,error3
699,2015-10-06 00:00:00,18,error4
700,2015-10-09 14:00:00,18,error3
701,2015-10-23 12:00:00,18,error5
702,2015-10-26 06:00:00,18,error5
703,2015-10-31 13:00:00,18,error1
704,2015-11-09 12:00:00,18,error3
705,2015-11-20 09:00:00,18,error2
706,2015-12-21 08:00:00,18,error4
707,2015-01-02 04:00:00,19,error2
708,2015-01-12 06:00:00,19,error1
709,2015-01-23 23:00:00,19,error4
710,2015-01-24 06:00:00,19,error2
711,2015-02-26 06:00:00,19,error5
712,2015-03-01 13:00:00,19,error4
713,2015-03-15 12:00:00,19,error4
714,2015-03-23 03:00:00,19,error1
715,2015-04-04 10:00:00,19,error2
716,2015-04-12 06:00:00,19,error5
717,2015-04-18 04:00:00,19,error1
718,2015-05-12 01:00:00,19,error2
719,2015-06-18 03:00:00,19,error4
720,2015-06-26 06:00:00,19,error5
721,2015-07-11 21:00:00,19,error4
722,2015-07-16 05:00:00,19,error4
723,2015-08-02 15:00:00,19,error2
724,2015-08-06 12:00:00,19,error1
725,2015-09-06 14:00:00,19,error2
726,2015-09-09 06:00:00,19,error5
727,2015-09-25 13:00:00,19,error4
728,2015-09-28 16:00:00,19,error3
729,2015-10-07 10:00:00,19,error2
730,2015-11-04 17:00:00,19,error1
731,2015-11-23 06:00:00,19,error5
732,2015-12-08 06:00:00,19,error1
733,2015-12-10 23:00:00,19,error1
734,2015-12-22 16:00:00,19,error3
989,2015-01-29 22:00:00,26,error1
990,2015-02-19 06:00:00,26,error1
991,2015-02-27 01:00:00,26,error4
992,2015-03-17 09:00:00,26,error2
993,2015-03-28 07:00:00,26,error1
994,2015-04-05 06:00:00,26,error1
995,2015-04-14 23:00:00,26,error1
996,2015-04-20 13:00:00,26,error3
997,2015-04-25 16:00:00,26,error3
998,2015-04-30 15:00:00,26,error3
999,2015-05-04 02:00:00,26,error1
1000,2015-05-05 21:00:00,26,error3
1001,2015-05-13 15:00:00,26,error2
1002,2015-05-17 16:00:00,26,error1
1003,2015-06-20 08:00:00,26,error1
1004,2015-06-25 05:00:00,26,error4
1005,2015-07-01 22:00:00,26,error1
1006,2015-07-04 17:00:00,26,error3
1007,2015-07-11 11:00:00,26,error2
1008,2015-07-26 15:00:00,26,error3
1009,2015-08-15 11:00:00,26,error1
1010,2015-08-16 18:00:00,26,error2
1011,2015-08-18 06:00:00,26,error2
1012,2015-08-18 06:00:00,26,error3
1013,2015-08-25 17:00:00,26,error4
1014,2015-09-02 06:00:00,26,error1
1015,2015-09-17 15:00:00,26,error5
1016,2015-09-19 09:00:00,26,error3
1017,2015-10-04 12:00:00,26,error2
1018,2015-10-12 11:00:00,26,error1
1019,2015-10-17 06:00:00,26,error2
1020,2015-10-17 06:00:00,26,error3
1021,2015-10-24 19:00:00,26,error1
1022,2015-11-01 06:00:00,26,error1
1023,2015-11-10 13:00:00,26,error4
1024,2015-11-16 06:00:00,26,error2
1025,2015-11-16 06:00:00,26,error3
1026,2015-11-17 18:00:00,26,error4
1027,2015-12-05 06:00:00,26,error3
1028,2015-12-07 14:00:00,26,error4
1029,2015-12-25 17:00:00,26,error2
1030,2015-12-26 04:00:00,26,error4
1031,2015-01-03 21:00:00,27,error1
1032,2015-01-05 20:00:00,27,error1
1033,2015-01-06 18:00:00,27,error4
1034,2015-01-09 06:00:00,27,error2
1035,2015-01-09 06:00:00,27,error3
1036,2015-01-15 15:00:00,27,error4
1037,2015-01-24 06:00:00,27,error1
1038,2015-01-31 19:00:00,27,error3
1039,2015-02-15 08:00:00,27,error1
1040,2015-02-16 18:00:00,27,error4
1041,2015-02-23 06:00:00,27,error2
1042,2015-02-23 06:00:00,27,error3
1043,2015-03-02 13:00:00,27,error2
1044,2015-03-23 07:00:00,27,error2
1045,2015-04-07 01:00:00,27,error5
1046,2015-04-23 10:00:00,27,error1
1047,2015-04-30 23:00:00,27,error3
1048,2015-05-08 07:00:00,27,error3
1049,2015-06-21 02:00:00,27,error3
1050,2015-06-21 10:00:00,27,error1
1051,2015-06-29 12:00:00,27,error4
1052,2015-08-03 13:00:00,27,error1
1053,2015-08-23 14:00:00,27,error3
1054,2015-08-31 21:00:00,27,error5
1055,2015-09-14 03:00:00,27,error2
1056,2015-10-08 04:00:00,27,error2
1057,2015-10-20 21:00:00,27,error4
1058,2015-10-23 06:00:00,27,error2
1059,2015-10-25 22:00:00,27,error4
1060,2015-11-02 14:00:00,27,error2
1061,2015-12-26 17:00:00,27,error4
1145,2015-01-02 03:00:00,30,error1
1146,2015-01-05 14:00:00,30,error4
1147,2015-01-08 06:00:00,30,error5
1148,2015-01-10 13:00:00,30,error2
1149,2015-01-11 02:00:00,30,error1
1150,2015-01-16 06:00:00,30,error2
1151,2015-01-18 16:00:00,30,error4
1152,2015-01-29 11:00:00,30,error2
1153,2015-02-13 10:00:00,30,error1
1154,2015-02-17 06:00:00,30,error1
1155,2015-03-18 19:00:00,30,error4
1156,2015-03-22 12:00:00,30,error4
1157,2015-03-24 06:00:00,30,error5
1158,2015-03-24 16:00:00,30,error2
1159,2015-04-12 20:00:00,30,error3
1160,2015-04-26 00:00:00,30,error3
1161,2015-05-29 22:00:00,30,error1
1162,2015-06-13 03:00:00,30,error2
1163,2015-06-22 17:00:00,30,error3
1164,2015-07-04 19:00:00,30,error1
1165,2015-07-24 04:00:00,30,error3
1166,2015-08-06 06:00:00,30,error2
1167,2015-08-06 06:00:00,30,error3
1168,2015-08-06 06:00:00,30,error5
1169,2015-08-11 23:00:00,30,error1
1170,2015-08-20 22:00:00,30,error1
1171,2015-09-25 20:00:00,30,error1
1172,2015-10-02 16:00:00,30,error1
1173,2015-10-07 13:00:00,30,error2
1174,2015-10-19 04:00:00,30,error2
1175,2015-10-27 06:00:00,30,error2
1176,2015-10-27 18:00:00,30,error5
1177,2015-11-02 17:00:00,30,error4
1178,2015-11-13 21:00:00,30,error4
1179,2015-11-18 20:00:00,30,error2
1180,2015-11-21 10:00:00,30,error1
1181,2015-12-01 13:00:00,30,error4
1182,2015-12-04 06:00:00,30,error5
1183,2015-12-27 17:00:00,30,error1
1184,2016-01-01 05:00:00,30,error2
1248,2015-01-24 08:00:00,33,error5
1249,2015-01-27 23:00:00,33,error3
1250,2015-01-30 06:00:00,33,error1
1251,2015-01-30 06:00:00,33,error5
1252,2015-02-27 04:00:00,33,error1
1253,2015-03-13 10:00:00,33,error5
1254,2015-03-31 06:00:00,33,error5
1255,2015-04-14 22:00:00,33,error3
1256,2015-04-15 19:00:00,33,error1
1257,2015-04-30 06:00:00,33,error2
1258,2015-04-30 06:00:00,33,error3
1259,2015-05-23 12:00:00,33,error1
1260,2015-05-30 06:00:00,33,error2
1261,2015-05-30 06:00:00,33,error3
1262,2015-06-11 02:00:00,33,error3
1263,2015-06-14 06:00:00,33,error5
1264,2015-06-14 12:00:00,33,error1
1265,2015-07-01 00:00:00,33,error2
1266,2015-07-03 02:00:00,33,error2
1267,2015-07-11 13:00:00,33,error4
1268,2015-08-16 17:00:00,33,error3
1269,2015-08-28 06:00:00,33,error5
1270,2015-08-31 00:00:00,33,error1
1271,2015-09-11 16:00:00,33,error1
1272,2015-09-14 06:00:00,33,error4
1273,2015-09-27 06:00:00,33,error2
1274,2015-09-27 06:00:00,33,error3
1275,2015-10-16 00:00:00,33,error2
1276,2015-10-24 09:00:00,33,error4
1277,2015-11-11 04:00:00,33,error4
1278,2015-11-11 21:00:00,33,error1
1279,2015-11-14 17:00:00,33,error2
1280,2015-11-26 06:00:00,33,error1
1281,2015-12-05 02:00:00,33,error2
1282,2015-12-20 14:00:00,33,error5
1283,2015-12-24 08:00:00,33,error2
1284,2015-12-28 02:00:00,33,error2
1624,2015-01-01 07:00:00,43,error3
1625,2015-01-25 14:00:00,43,error3
1626,2015-02-04 06:00:00,43,error1
1627,2015-02-19 06:00:00,43,error5
1628,2015-03-02 10:00:00,43,error2
1629,2015-03-05 19:00:00,43,error4
1630,2015-03-11 09:00:00,43,error3
1631,2015-03-13 11:00:00,43,error3
1632,2015-03-18 18:00:00,43,error2
1633,2015-03-21 06:00:00,43,error2
1634,2015-03-21 06:00:00,43,error3
1635,2015-04-08 21:00:00,43,error2
1636,2015-04-18 07:00:00,43,error1
1637,2015-05-10 13:00:00,43,error4
1638,2015-05-18 13:00:00,43,error2
1639,2015-05-20 06:00:00,43,error2
1640,2015-05-20 06:00:00,43,error3
1641,2015-06-04 06:00:00,43,error1
1642,2015-06-15 22:00:00,43,error3
1643,2015-07-13 16:00:00,43,error1
1644,2015-07-14 13:00:00,43,error5
1645,2015-07-19 06:00:00,43,error1
1646,2015-08-03 06:00:00,43,error2
1647,2015-08-03 06:00:00,43,error3
1648,2015-08-05 02:00:00,43,error3
1649,2015-08-06 21:00:00,43,error2
1650,2015-08-20 04:00:00,43,error3
1651,2015-09-15 16:00:00,43,error1
1652,2015-09-16 23:00:00,43,error1
1653,2015-10-02 06:00:00,43,error5
1654,2015-11-01 06:00:00,43,error1
1655,2015-11-06 01:00:00,43,error1
1656,2015-11-09 07:00:00,43,error3
1657,2015-11-11 18:00:00,43,error2
1658,2015-11-16 06:00:00,43,error2
1659,2015-11-16 06:00:00,43,error3
1660,2015-11-26 18:00:00,43,error1
1661,2015-12-15 05:00:00,43,error4
1694,2015-01-20 01:00:00,45,error1
1695,2015-01-21 04:00:00,45,error2
1696,2015-01-21 06:00:00,45,error2
1697,2015-01-21 06:00:00,45,error3
1698,2015-01-21 15:00:00,45,error1
1699,2015-02-08 03:00:00,45,error2
1700,2015-02-08 10:00:00,45,error2
1701,2015-02-12 03:00:00,45,error4
1702,2015-02-20 06:00:00,45,error5
1703,2015-02-23 13:00:00,45,error5
1704,2015-02-28 14:00:00,45,error3
1705,2015-03-28 20:00:00,45,error4
1706,2015-03-29 19:00:00,45,error2
1707,2015-04-26 01:00:00,45,error3
1708,2015-05-11 17:00:00,45,error2
1709,2015-05-20 07:00:00,45,error2
1710,2015-05-21 06:00:00,45,error5
1711,2015-05-24 11:00:00,45,error1
1712,2015-06-11 10:00:00,45,error1
1713,2015-06-20 13:00:00,45,error2
1714,2015-07-20 06:00:00,45,error5
1715,2015-08-03 04:00:00,45,error2
1716,2015-08-03 15:00:00,45,error3
1717,2015-08-12 19:00:00,45,error4
1718,2015-09-04 06:00:00,45,error2
1719,2015-10-02 06:00:00,45,error1
1720,2015-10-07 22:00:00,45,error4
1721,2015-10-18 06:00:00,45,error5
1722,2015-10-27 04:00:00,45,error1
1723,2015-10-31 12:00:00,45,error3
1724,2015-11-02 06:00:00,45,error1
1725,2015-11-14 17:00:00,45,error3
1726,2015-12-09 18:00:00,45,error2
1727,2015-12-19 03:00:00,45,error2
1728,2015-12-27 17:00:00,45,error3
1729,2015-12-29 23:00:00,45,error1
1730,2015-12-30 20:00:00,45,error3
1963,2015-01-02 13:00:00,52,error3
1964,2015-01-18 06:00:00,52,error2
1965,2015-01-18 06:00:00,52,error3
1966,2015-01-18 06:00:00,52,error5
1967,2015-01-27 20:00:00,52,error4
1968,2015-02-11 07:00:00,52,error2
1969,2015-02-15 13:00:00,52,error1
1970,2015-02-17 15:00:00,52,error5
1971,2015-02-24 22:00:00,52,error1
1972,2015-03-02 02:00:00,52,error3
1973,2015-03-04 04:00:00,52,error1
1974,2015-03-19 03:00:00,52,error1
1975,2015-03-19 20:00:00,52,error4
1976,2015-03-20 14:00:00,52,error2
1977,2015-04-19 20:00:00,52,error3
1978,2015-06-14 23:00:00,52,error5
1979,2015-06-15 15:00:00,52,error1
1980,2015-06-20 02:00:00,52,error3
1981,2015-06-21 20:00:00,52,error1
1982,2015-06-27 13:00:00,52,error2
1983,2015-06-27 19:00:00,52,error3
1984,2015-06-28 00:00:00,52,error2
1985,2015-07-13 05:00:00,52,error2
1986,2015-07-15 18:00:00,52,error1
1987,2015-07-17 06:00:00,52,error5
1988,2015-07-18 21:00:00,52,error3
1989,2015-07-19 09:00:00,52,error2
1990,2015-07-27 04:00:00,52,error2
1991,2015-08-01 06:00:00,52,error2
1992,2015-08-01 06:00:00,52,error3
1993,2015-08-19 10:00:00,52,error2
1994,2015-08-20 06:00:00,52,error2
1995,2015-08-22 11:00:00,52,error4
1996,2015-09-04 23:00:00,52,error3
1997,2015-09-15 10:00:00,52,error4
1998,2015-09-28 04:00:00,52,error1
1999,2015-10-14 22:00:00,52,error1
2000,2015-10-21 06:00:00,52,error2
2001,2015-10-24 04:00:00,52,error2
2002,2015-10-30 06:00:00,52,error1
2003,2015-10-30 06:00:00,52,error5
2004,2015-11-28 10:00:00,52,error1
2005,2015-12-21 10:00:00,52,error2
2006,2015-12-22 10:00:00,52,error4
2007,2015-12-25 09:00:00,52,error1
2008,2015-12-29 06:00:00,52,error5
2009,2015-01-10 07:00:00,53,error1
2010,2015-01-18 08:00:00,53,error2
2011,2015-01-25 22:00:00,53,error2
2012,2015-02-07 17:00:00,53,error2
2013,2015-02-10 03:00:00,53,error4
2014,2015-02-16 00:00:00,53,error2
2015,2015-02-24 23:00:00,53,error5
2016,2015-03-01 01:00:00,53,error3
2017,2015-03-01 03:00:00,53,error3
2018,2015-03-06 09:00:00,53,error5
2019,2015-03-17 01:00:00,53,error3
2020,2015-03-22 22:00:00,53,error1
2021,2015-03-28 06:00:00,53,error1
2022,2015-04-14 14:00:00,53,error2
2023,2015-04-15 07:00:00,53,error4
2024,2015-04-23 18:00:00,53,error1
2025,2015-04-25 10:00:00,53,error3
2026,2015-05-04 22:00:00,53,error1
2027,2015-05-05 14:00:00,53,error4
2028,2015-05-12 06:00:00,53,error2
2029,2015-05-12 06:00:00,53,error3
2030,2015-06-08 18:00:00,53,error5
2031,2015-06-16 03:00:00,53,error1
2032,2015-06-19 05:00:00,53,error1
2033,2015-06-25 12:00:00,53,error5
2034,2015-07-11 06:00:00,53,error1
2035,2015-08-26 02:00:00,53,error4
2036,2015-10-09 06:00:00,53,error1
2037,2015-10-13 02:00:00,53,error3
2038,2015-10-18 07:00:00,53,error1
2039,2015-10-22 02:00:00,53,error3
2040,2015-10-24 05:00:00,53,error2
2041,2015-11-04 09:00:00,53,error3
2042,2015-11-08 06:00:00,53,error2
2043,2015-11-08 06:00:00,53,error3
2044,2015-11-12 22:00:00,53,error1
2045,2015-11-15 08:00:00,53,error4
2046,2015-12-03 18:00:00,53,error3
2047,2015-12-06 13:00:00,53,error2
2048,2015-12-08 06:00:00,53,error2
2049,2015-12-08 06:00:00,53,error3
2050,2015-12-09 03:00:00,53,error4
2051,2015-12-09 07:00:00,53,error3
2052,2015-12-27 10:00:00,53,error2
2053,2015-12-27 22:00:00,53,error3
2100,2015-01-14 01:00:00,55,error5
2101,2015-01-18 09:00:00,55,error3
2102,2015-01-19 13:00:00,55,error1
2103,2015-01-31 10:00:00,55,error2
2104,2015-03-04 16:00:00,55,error3
2105,2015-03-06 06:00:00,55,error5
2106,2015-03-10 18:00:00,55,error1
2107,2015-03-29 01:00:00,55,error4
2108,2015-04-09 05:00:00,55,error1
2109,2015-04-20 06:00:00,55,error2
2110,2015-04-20 06:00:00,55,error3
2111,2015-05-03 01:00:00,55,error2
2112,2015-06-04 06:00:00,55,error5
2113,2015-06-04 23:00:00,55,error3
2114,2015-06-19 06:00:00,55,error1
2115,2015-07-15 04:00:00,55,error1
2116,2015-08-03 06:00:00,55,error1
2117,2015-08-06 17:00:00,55,error4
2118,2015-08-15 16:00:00,55,error1
2119,2015-08-18 06:00:00,55,error5
2120,2015-08-24 21:00:00,55,error1
2121,2015-09-01 18:00:00,55,error1
2122,2015-09-02 06:00:00,55,error2
2123,2015-09-02 06:00:00,55,error3
2124,2015-09-05 20:00:00,55,error1
2125,2015-09-07 00:00:00,55,error1
2126,2015-09-16 09:00:00,55,error2
2127,2015-09-18 14:00:00,55,error3
2128,2015-09-23 16:00:00,55,error4
2129,2015-10-10 14:00:00,55,error1
2130,2015-11-07 16:00:00,55,error1
2131,2015-11-11 06:00:00,55,error3
2132,2015-11-14 09:00:00,55,error5
2133,2015-11-30 15:00:00,55,error4
2134,2015-12-01 06:00:00,55,error1
2135,2015-12-21 06:00:00,55,error3
2136,2015-12-21 19:00:00,55,error3
2243,2015-01-03 02:00:00,59,error2
2244,2015-01-12 02:00:00,59,error4
2245,2015-01-19 09:00:00,59,error4
2246,2015-01-29 08:00:00,59,error4
2247,2015-02-01 14:00:00,59,error1
2248,2015-02-02 19:00:00,59,error1
2249,2015-02-03 00:00:00,59,error1
2250,2015-02-03 06:00:00,59,error5
2251,2015-02-09 15:00:00,59,error1
2252,2015-02-17 16:00:00,59,error1
2253,2015-02-22 03:00:00,59,error3
2254,2015-02-25 12:00:00,59,error1
2255,2015-03-29 07:00:00,59,error1
2256,2015-04-04 06:00:00,59,error5
2257,2015-04-05 07:00:00,59,error3
2258,2015-04-21 06:00:00,59,error2
2259,2015-05-02 12:00:00,59,error3
2260,2015-05-17 09:00:00,59,error2
2261,2015-05-19 06:00:00,59,error5
2262,2015-05-20 21:00:00,59,error4
2263,2015-06-05 01:00:00,59,error2
2264,2015-07-05 01:00:00,59,error4
2265,2015-07-05 11:00:00,59,error2
2266,2015-07-18 06:00:00,59,error1
2267,2015-08-02 06:00:00,59,error2
2268,2015-08-02 06:00:00,59,error3
2269,2015-08-17 06:00:00,59,error5
2270,2015-08-23 02:00:00,59,error2
2271,2015-08-27 13:00:00,59,error2
2272,2015-10-16 06:00:00,59,error2
2273,2015-10-16 06:00:00,59,error3
2274,2015-10-25 12:00:00,59,error1
2275,2015-10-30 17:00:00,59,error3
2276,2015-12-24 14:00:00,59,error3
2277,2015-12-29 13:00:00,59,error4
2433,2015-01-04 06:00:00,64,error5
2434,2015-01-06 16:00:00,64,error1
2435,2015-01-09 21:00:00,64,error1
2436,2015-01-19 06:00:00,64,error2
2437,2015-01-19 06:00:00,64,error3
2438,2015-01-23 11:00:00,64,error2
2439,2015-01-24 13:00:00,64,error1
2440,2015-02-03 17:00:00,64,error2
2441,2015-02-18 06:00:00,64,error5
2442,2015-02-19 12:00:00,64,error1
2443,2015-02-24 23:00:00,64,error2
2444,2015-03-01 20:00:00,64,error1
2445,2015-03-01 23:00:00,64,error1
2446,2015-03-11 23:00:00,64,error3
2447,2015-03-26 23:00:00,64,error3
2448,2015-04-04 06:00:00,64,error2
2449,2015-04-04 06:00:00,64,error3
2450,2015-04-28 17:00:00,64,error5
2451,2015-05-04 06:00:00,64,error5
2452,2015-05-07 00:00:00,64,error1
2453,2015-05-25 14:00:00,64,error2
2454,2015-06-11 20:00:00,64,error3
2455,2015-06-15 00:00:00,64,error2
2456,2015-09-02 14:00:00,64,error1
2457,2015-09-16 06:00:00,64,error5
2458,2015-09-29 20:00:00,64,error4
2459,2015-10-02 15:00:00,64,error1
2460,2015-10-05 13:00:00,64,error3
2461,2015-10-06 02:00:00,64,error3
2462,2015-10-16 06:00:00,64,error2
2463,2015-10-16 06:00:00,64,error3
2464,2015-10-28 05:00:00,64,error2
2465,2015-11-14 06:00:00,64,error1
2466,2015-12-02 18:00:00,64,error2
2467,2015-12-06 07:00:00,64,error2
2468,2015-12-15 04:00:00,64,error1
2469,2015-12-30 06:00:00,64,error1
2470,2015-01-04 18:00:00,65,error2
2471,2015-01-06 06:00:00,65,error4
2472,2015-01-17 03:00:00,65,error1
2473,2015-02-01 05:00:00,65,error4
2474,2015-02-28 08:00:00,65,error2
2475,2015-03-11 11:00:00,65,error2
2476,2015-03-16 06:00:00,65,error1
2477,2015-03-22 03:00:00,65,error4
2478,2015-03-23 01:00:00,65,error4
2479,2015-03-29 18:00:00,65,error4
2480,2015-03-31 09:00:00,65,error4
2481,2015-04-24 00:00:00,65,error1
2482,2015-05-15 09:00:00,65,error2
2483,2015-05-17 06:00:00,65,error4
2484,2015-05-19 13:00:00,65,error3
2485,2015-05-20 00:00:00,65,error3
2486,2015-05-30 06:00:00,65,error1
2487,2015-06-18 02:00:00,65,error3
2488,2015-06-29 06:00:00,65,error5
2489,2015-07-15 20:00:00,65,error2
2490,2015-07-22 13:00:00,65,error2
2491,2015-08-13 06:00:00,65,error1
2492,2015-08-13 06:00:00,65,error2
2493,2015-08-13 06:00:00,65,error3
2494,2015-08-20 18:00:00,65,error1
2495,2015-08-21 17:00:00,65,error1
2496,2015-08-22 00:00:00,65,error4
2497,2015-08-31 21:00:00,65,error2
2498,2015-09-12 06:00:00,65,error5
2499,2015-10-02 13:00:00,65,error1
2500,2015-11-02 03:00:00,65,error4
2501,2015-11-15 18:00:00,65,error4
2502,2015-11-24 05:00:00,65,error2
2503,2015-12-09 17:00:00,65,error2
2504,2015-12-11 01:00:00,65,error4
2587,2015-01-02 06:00:00,68,error1
2588,2015-01-05 01:00:00,68,error1
2589,2015-01-08 16:00:00,68,error4
2590,2015-01-17 14:00:00,68,error1
2591,2015-02-05 09:00:00,68,error3
2592,2015-02-09 16:00:00,68,error3
2593,2015-02-27 22:00:00,68,error3
2594,2015-03-01 16:00:00,68,error4
2595,2015-03-11 07:00:00,68,error1
2596,2015-03-31 12:00:00,68,error1
2597,2015-04-01 06:00:00,68,error2
2598,2015-04-01 06:00:00,68,error3
2599,2015-04-02 07:00:00,68,error1
2600,2015-04-04 09:00:00,68,error2
2601,2015-04-17 03:00:00,68,error1
2602,2015-04-26 04:00:00,68,error1
2603,2015-04-30 06:00:00,68,error3
2604,2015-05-09 18:00:00,68,error5
2605,2015-05-14 21:00:00,68,error4
2606,2015-05-24 03:00:00,68,error2
2607,2015-05-24 16:00:00,68,error2
2608,2015-06-11 17:00:00,68,error3
2609,2015-06-22 13:00:00,68,error1
2610,2015-06-26 15:00:00,68,error4
2611,2015-08-13 17:00:00,68,error4
2612,2015-08-14 06:00:00,68,error2
2613,2015-08-14 06:00:00,68,error3
2614,2015-08-28 07:00:00,68,error3
2615,2015-09-08 13:00:00,68,error1
2616,2015-09-21 14:00:00,68,error2
2617,2015-09-26 10:00:00,68,error3
2618,2015-11-14 12:00:00,68,error2
2619,2015-11-27 06:00:00,68,error1
2620,2015-12-09 19:00:00,68,error3
2621,2015-12-12 06:00:00,68,error2
2622,2015-12-12 06:00:00,68,error3
2623,2015-12-22 23:00:00,68,error3
2624,2015-12-24 09:00:00,68,error3
2668,2015-01-27 06:00:00,70,error1
2669,2015-02-08 20:00:00,70,error3
2670,2015-02-25 12:00:00,70,error3
2671,2015-03-01 17:00:00,70,error5
2672,2015-03-06 10:00:00,70,error2
2673,2015-03-27 16:00:00,70,error3
2674,2015-04-20 12:00:00,70,error3
2675,2015-04-24 16:00:00,70,error5
2676,2015-05-05 20:00:00,70,error1
2677,2015-05-27 06:00:00,70,error2
2678,2015-05-27 06:00:00,70,error3
2679,2015-05-29 06:00:00,70,error3
2680,2015-06-02 10:00:00,70,error1
2681,2015-06-21 02:00:00,70,error3
2682,2015-06-25 10:00:00,70,error4
2683,2015-06-30 01:00:00,70,error1
2684,2015-07-11 06:00:00,70,error1
2685,2015-07-13 13:00:00,70,error2
2686,2015-08-01 10:00:00,70,error3
2687,2015-08-08 03:00:00,70,error1
2688,2015-09-12 02:00:00,70,error3
2689,2015-09-12 06:00:00,70,error3
2690,2015-09-18 20:00:00,70,error4
2691,2015-10-06 02:00:00,70,error3
2692,2015-10-18 21:00:00,70,error3
2693,2015-10-31 03:00:00,70,error4
2694,2015-11-08 06:00:00,70,error1
2695,2015-11-10 15:00:00,70,error2
2696,2015-11-11 05:00:00,70,error3
2697,2015-11-11 19:00:00,70,error4
2698,2015-11-12 22:00:00,70,error1
2699,2015-11-21 09:00:00,70,error3
2700,2015-11-26 04:00:00,70,error2
2701,2015-12-08 03:00:00,70,error3
2702,2015-12-08 06:00:00,70,error2
2703,2015-12-08 06:00:00,70,error3
2704,2015-12-17 10:00:00,70,error2
2867,2015-01-01 12:00:00,75,error1
2868,2015-01-04 05:00:00,75,error1
2869,2015-01-06 06:00:00,75,error1
2870,2015-01-08 01:00:00,75,error1
2871,2015-01-10 09:00:00,75,error3
2872,2015-01-14 08:00:00,75,error4
2873,2015-02-02 13:00:00,75,error4
2874,2015-02-05 06:00:00,75,error5
2875,2015-02-25 21:00:00,75,error2
2876,2015-03-05 16:00:00,75,error2
2877,2015-03-21 13:00:00,75,error3
2878,2015-04-05 17:00:00,75,error1
2879,2015-04-05 19:00:00,75,error3
2880,2015-04-06 06:00:00,75,error1
2881,2015-05-05 12:00:00,75,error2
2882,2015-05-06 06:00:00,75,error5
2883,2015-05-13 10:00:00,75,error4
2884,2015-05-25 04:00:00,75,error3
2885,2015-06-05 06:00:00,75,error2
2886,2015-06-05 06:00:00,75,error3
2887,2015-06-24 08:00:00,75,error1
2888,2015-07-20 06:00:00,75,error2
2889,2015-07-20 06:00:00,75,error3
2890,2015-07-23 05:00:00,75,error1
2891,2015-08-12 17:00:00,75,error2
2892,2015-08-15 06:00:00,75,error3
2893,2015-08-19 06:00:00,75,error2
2894,2015-08-19 06:00:00,75,error3
2895,2015-09-03 06:00:00,75,error5
2896,2015-09-04 23:00:00,75,error1
2897,2015-09-08 19:00:00,75,error2
2898,2015-09-12 14:00:00,75,error1
2899,2015-09-28 04:00:00,75,error3
2900,2015-10-18 06:00:00,75,error2
2901,2015-10-18 06:00:00,75,error3
2902,2015-11-14 21:00:00,75,error2
2903,2015-11-26 00:00:00,75,error3
2904,2015-12-19 05:00:00,75,error3
3013,2015-01-08 15:00:00,79,error3
3014,2015-02-15 11:00:00,79,error1
3015,2015-03-02 06:00:00,79,error2
3016,2015-03-02 06:00:00,79,error3
3017,2015-03-06 15:00:00,79,error3
3018,2015-03-17 06:00:00,79,error5
3019,2015-03-24 03:00:00,79,error3
3020,2015-04-01 06:00:00,79,error1
3021,2015-04-26 21:00:00,79,error1
3022,2015-04-27 09:00:00,79,error3
3023,2015-05-01 22:00:00,79,error1
3024,2015-05-05 21:00:00,79,error4
3025,2015-05-11 09:00:00,79,error3
3026,2015-05-16 06:00:00,79,error5
3027,2015-05-17 04:00:00,79,error2
3028,2015-06-07 01:00:00,79,error3
3029,2015-06-11 17:00:00,79,error4
3030,2015-06-15 06:00:00,79,error2
3031,2015-06-15 06:00:00,79,error3
3032,2015-06-30 06:00:00,79,error1
3033,2015-07-26 07:00:00,79,error2
3034,2015-07-31 17:00:00,79,error5
3035,2015-08-09 17:00:00,79,error1
3036,2015-08-10 08:00:00,79,error2
3037,2015-08-29 10:00:00,79,error2
3038,2015-09-06 09:00:00,79,error2
3039,2015-09-08 15:00:00,79,error3
3040,2015-09-11 08:00:00,79,error2
3041,2015-09-13 06:00:00,79,error2
3042,2015-09-13 06:00:00,79,error3
3043,2015-09-14 00:00:00,79,error4
3044,2015-09-26 01:00:00,79,error5
3045,2015-09-26 21:00:00,79,error2
3046,2015-09-26 22:00:00,79,error3
3047,2015-09-28 06:00:00,79,error5
3048,2015-09-28 13:00:00,79,error1
3049,2015-10-02 14:00:00,79,error3
3050,2015-10-02 16:00:00,79,error1
3051,2015-10-04 22:00:00,79,error2
3052,2015-10-14 21:00:00,79,error3
3053,2015-10-22 00:00:00,79,error4
3054,2015-11-09 00:00:00,79,error1
3055,2015-11-11 18:00:00,79,error3
3056,2015-11-28 00:00:00,79,error3
3057,2015-12-12 06:00:00,79,error5
3058,2015-12-16 20:00:00,79,error1
3059,2015-12-17 00:00:00,79,error1
3060,2015-12-17 05:00:00,79,error2
3061,2015-12-25 16:00:00,79,error4
3062,2015-12-30 04:00:00,79,error2
3063,2015-01-12 02:00:00,80,error4
3064,2015-01-24 21:00:00,80,error5
3065,2015-02-05 15:00:00,80,error1
3066,2015-02-09 17:00:00,80,error3
3067,2015-02-21 13:00:00,80,error3
3068,2015-03-14 15:00:00,80,error3
3069,2015-03-16 12:00:00,80,error4
3070,2015-03-20 12:00:00,80,error1
3071,2015-04-02 07:00:00,80,error4
3072,2015-04-07 15:00:00,80,error1
3073,2015-04-12 16:00:00,80,error3
3074,2015-04-23 04:00:00,80,error3
3075,2015-05-02 09:00:00,80,error1
3076,2015-05-13 02:00:00,80,error4
3077,2015-05-14 12:00:00,80,error4
3078,2015-05-14 15:00:00,80,error2
3079,2015-06-13 17:00:00,80,error1
3080,2015-07-07 04:00:00,80,error2
3081,2015-07-11 06:00:00,80,error2
3082,2015-07-11 06:00:00,80,error3
3083,2015-07-17 08:00:00,80,error3
3084,2015-08-04 07:00:00,80,error4
3085,2015-08-06 19:00:00,80,error5
3086,2015-08-11 15:00:00,80,error4
3087,2015-08-12 09:00:00,80,error2
3088,2015-08-14 10:00:00,80,error2
3089,2015-08-26 08:00:00,80,error2
3090,2015-09-09 06:00:00,80,error2
3091,2015-09-09 06:00:00,80,error3
3092,2015-09-13 05:00:00,80,error2
3093,2015-09-22 15:00:00,80,error1
3094,2015-09-30 15:00:00,80,error1
3095,2015-10-07 07:00:00,80,error4
3096,2015-10-17 00:00:00,80,error2
3097,2015-10-24 21:00:00,80,error1
3098,2015-11-08 06:00:00,80,error2
3099,2015-11-08 06:00:00,80,error3
3100,2015-11-14 08:00:00,80,error4
3101,2015-11-22 16:00:00,80,error4
3102,2015-11-28 08:00:00,80,error4
3103,2015-12-08 06:00:00,80,error2
3104,2015-12-08 06:00:00,80,error3
3105,2015-12-20 15:00:00,80,error1
3106,2015-12-31 15:00:00,80,error3
3158,2015-01-05 03:00:00,82,error2
3159,2015-01-10 05:00:00,82,error4
3160,2015-01-21 00:00:00,82,error2
3161,2015-01-27 06:00:00,82,error1
3162,2015-01-27 11:00:00,82,error3
3163,2015-02-05 21:00:00,82,error1
3164,2015-02-23 18:00:00,82,error5
3165,2015-02-25 17:00:00,82,error2
3166,2015-03-06 06:00:00,82,error5
3167,2015-03-08 23:00:00,82,error3
3168,2015-03-19 06:00:00,82,error1
3169,2015-03-22 01:00:00,82,error4
3170,2015-03-24 02:00:00,82,error2
3171,2015-03-25 13:00:00,82,error1
3172,2015-03-28 06:00:00,82,error1
3173,2015-04-13 19:00:00,82,error1
3174,2015-04-23 14:00:00,82,error2
3175,2015-04-24 00:00:00,82,error4
3176,2015-05-12 06:00:00,82,error1
3177,2015-05-18 00:00:00,82,error4
3178,2015-05-20 15:00:00,82,error1
3179,2015-06-19 06:00:00,82,error3
3180,2015-07-11 06:00:00,82,error4
3181,2015-08-03 07:00:00,82,error2
3182,2015-08-13 23:00:00,82,error1
3183,2015-09-09 13:00:00,82,error4
3184,2015-10-18 06:00:00,82,error2
3185,2015-10-29 14:00:00,82,error1
3186,2015-11-25 14:00:00,82,error3
3187,2015-12-06 14:00:00,82,error1
3188,2015-12-08 06:00:00,82,error2
3189,2015-12-08 06:00:00,82,error3
3190,2015-12-27 15:00:00,82,error4
3235,2015-01-04 06:00:00,84,error2
3236,2015-01-04 06:00:00,84,error3
3237,2015-01-09 13:00:00,84,error4
3238,2015-01-19 09:00:00,84,error1
3239,2015-02-03 06:00:00,84,error1
3240,2015-02-03 06:00:00,84,error2
3241,2015-02-03 06:00:00,84,error3
3242,2015-02-07 21:00:00,84,error1
3243,2015-02-18 06:00:00,84,error1
3244,2015-02-18 20:00:00,84,error2
3245,2015-03-15 08:00:00,84,error2
3246,2015-04-04 06:00:00,84,error2
3247,2015-04-04 06:00:00,84,error3
3248,2015-04-09 02:00:00,84,error1
3249,2015-04-10 13:00:00,84,error4
3250,2015-04-13 20:00:00,84,error2
3251,2015-04-21 07:00:00,84,error1
3252,2015-06-04 06:00:00,84,error2
3253,2015-06-09 04:00:00,84,error5
3254,2015-06-12 02:00:00,84,error3
3255,2015-06-12 02:00:00,84,error1
3256,2015-06-13 13:00:00,84,error4
3257,2015-07-02 00:00:00,84,error1
3258,2015-07-03 06:00:00,84,error1
3259,2015-07-06 13:00:00,84,error1
3260,2015-07-09 02:00:00,84,error2
3261,2015-07-19 02:00:00,84,error5
3262,2015-07-29 13:00:00,84,error1
3263,2015-08-31 13:00:00,84,error3
3264,2015-09-01 06:00:00,84,error2
3265,2015-09-01 06:00:00,84,error3
3266,2015-09-07 17:00:00,84,error3
3267,2015-09-08 08:00:00,84,error3
3268,2015-09-15 18:00:00,84,error3
3269,2015-09-29 04:00:00,84,error3
3270,2015-10-01 06:00:00,84,error1
3271,2015-10-04 05:00:00,84,error1
3272,2015-10-06 20:00:00,84,error3
3273,2015-10-17 02:00:00,84,error1
3274,2015-10-17 19:00:00,84,error5
3275,2015-10-26 09:00:00,84,error1
3276,2015-10-28 01:00:00,84,error2
3277,2015-12-30 03:00:00,84,error1
3318,2015-01-22 06:00:00,86,error2
3319,2015-01-22 06:00:00,86,error3
3320,2015-02-10 05:00:00,86,error3
3321,2015-02-11 00:00:00,86,error3
3322,2015-03-02 16:00:00,86,error1
3323,2015-04-07 03:00:00,86,error4
3324,2015-04-24 13:00:00,86,error3
3325,2015-05-11 00:00:00,86,error1
3326,2015-05-30 07:00:00,86,error1
3327,2015-06-17 07:00:00,86,error4
3328,2015-06-26 12:00:00,86,error4
3329,2015-07-14 06:00:00,86,error5
3330,2015-07-15 22:00:00,86,error3
3331,2015-07-27 23:00:00,86,error4
3332,2015-08-09 00:00:00,86,error1
3333,2015-08-14 01:00:00,86,error2
3334,2015-08-17 23:00:00,86,error1
3335,2015-08-20 23:00:00,86,error3
3336,2015-08-29 13:00:00,86,error1
3337,2015-09-04 06:00:00,86,error1
3338,2015-09-05 17:00:00,86,error2
3339,2015-10-05 18:00:00,86,error3
3340,2015-10-19 16:00:00,86,error4
3341,2015-11-18 06:00:00,86,error2
3342,2015-11-18 06:00:00,86,error3
3343,2015-11-28 12:00:00,86,error2
3344,2015-12-05 22:00:00,86,error1
3434,2015-01-28 11:00:00,89,error3
3435,2015-02-06 06:00:00,89,error1
3436,2015-03-23 06:00:00,89,error5
3437,2015-04-08 00:00:00,89,error3
3438,2015-04-23 09:00:00,89,error2
3439,2015-05-01 05:00:00,89,error2
3440,2015-05-22 06:00:00,89,error5
3441,2015-05-27 15:00:00,89,error3
3442,2015-06-01 16:00:00,89,error3
3443,2015-06-12 15:00:00,89,error2
3444,2015-06-17 11:00:00,89,error4
3445,2015-06-21 06:00:00,89,error1
3446,2015-07-01 14:00:00,89,error4
3447,2015-07-08 23:00:00,89,error3
3448,2015-07-11 12:00:00,89,error2
3449,2015-07-21 06:00:00,89,error2
3450,2015-07-21 06:00:00,89,error3
3451,2015-08-02 12:00:00,89,error5
3452,2015-08-06 14:00:00,89,error4
3453,2015-08-15 19:00:00,89,error3
3454,2015-08-20 06:00:00,89,error2
3455,2015-08-20 06:00:00,89,error3
3456,2015-08-22 12:00:00,89,error3
3457,2015-09-02 00:00:00,89,error2
3458,2015-09-02 09:00:00,89,error4
3459,2015-11-01 11:00:00,89,error5
3460,2015-11-01 18:00:00,89,error3
3461,2015-11-18 06:00:00,89,error2
3462,2015-11-18 06:00:00,89,error3
3463,2015-11-27 00:00:00,89,error2
3464,2015-12-24 04:00:00,89,error4
3593,2015-01-11 21:00:00,93,error4
3594,2015-02-01 13:00:00,93,error1
3595,2015-02-12 16:00:00,93,error3
3596,2015-03-12 14:00:00,93,error1
3597,2015-03-16 06:00:00,93,error5
3598,2015-03-26 23:00:00,93,error4
3599,2015-03-31 06:00:00,93,error2
3600,2015-03-31 06:00:00,93,error3
3601,2015-04-15 06:00:00,93,error1
3602,2015-04-19 12:00:00,93,error3
3603,2015-04-30 06:00:00,93,error2
3604,2015-04-30 06:00:00,93,error3
3605,2015-05-15 06:00:00,93,error5
3606,2015-05-15 07:00:00,93,error2
3607,2015-05-24 09:00:00,93,error4
3608,2015-06-02 09:00:00,93,error3
3609,2015-06-07 20:00:00,93,error3
3610,2015-06-29 06:00:00,93,error1
3611,2015-07-31 11:00:00,93,error1
3612,2015-09-02 04:00:00,93,error1
3613,2015-09-02 13:00:00,93,error2
3614,2015-09-07 02:00:00,93,error2
3615,2015-09-16 17:00:00,93,error3
3616,2015-09-20 03:00:00,93,error5
3617,2015-09-26 07:00:00,93,error3
3618,2015-10-06 21:00:00,93,error1
3619,2015-10-08 23:00:00,93,error3
3620,2015-10-30 22:00:00,93,error1
3621,2015-12-07 21:00:00,93,error1
3622,2015-12-11 21:00:00,93,error1
3623,2015-12-13 10:00:00,93,error2
